{
  "methodology": "Internal MIF only",
  "k_fold": {
    "accuracy_mean": 0.728,
    "accuracy_std": 0.08634813257969161,
    "folds": [
      {
        "Data Analyst": {
          "precision": 0.0,
          "recall": 0.0,
          "f1-score": 0.0,
          "support": 1.0
        },
        "Non-IT": {
          "precision": 0.8,
          "recall": 0.8888888888888888,
          "f1-score": 0.8421052631578947,
          "support": 18.0
        },
        "Programmer": {
          "precision": 0.8,
          "recall": 0.6153846153846154,
          "f1-score": 0.6956521739130435,
          "support": 13.0
        },
        "Wirausaha Informatika": {
          "precision": 0.8,
          "recall": 0.8888888888888888,
          "f1-score": 0.8421052631578947,
          "support": 18.0
        },
        "accuracy": 0.8,
        "macro avg": {
          "precision": 0.6000000000000001,
          "recall": 0.5982905982905983,
          "f1-score": 0.5949656750572082,
          "support": 50.0
        },
        "weighted avg": {
          "precision": 0.784,
          "recall": 0.8,
          "f1-score": 0.7871853546910755,
          "support": 50.0
        }
      },
      {
        "Data Analyst": {
          "precision": 0.0,
          "recall": 0.0,
          "f1-score": 0.0,
          "support": 1.0
        },
        "Non-IT": {
          "precision": 0.7727272727272727,
          "recall": 1.0,
          "f1-score": 0.8717948717948718,
          "support": 17.0
        },
        "Programmer": {
          "precision": 1.0,
          "recall": 0.42857142857142855,
          "f1-score": 0.6,
          "support": 14.0
        },
        "Wirausaha Informatika": {
          "precision": 0.6818181818181818,
          "recall": 0.8333333333333334,
          "f1-score": 0.75,
          "support": 18.0
        },
        "accuracy": 0.76,
        "macro avg": {
          "precision": 0.6136363636363636,
          "recall": 0.5654761904761905,
          "f1-score": 0.555448717948718,
          "support": 50.0
        },
        "weighted avg": {
          "precision": 0.7881818181818181,
          "recall": 0.76,
          "f1-score": 0.7344102564102565,
          "support": 50.0
        }
      },
      {
        "Data Analyst": {
          "precision": 1.0,
          "recall": 1.0,
          "f1-score": 1.0,
          "support": 1.0
        },
        "Non-IT": {
          "precision": 0.6296296296296297,
          "recall": 1.0,
          "f1-score": 0.7727272727272727,
          "support": 17.0
        },
        "Programmer": {
          "precision": 1.0,
          "recall": 0.35714285714285715,
          "f1-score": 0.5263157894736842,
          "support": 14.0
        },
        "Wirausaha Informatika": {
          "precision": 0.9411764705882353,
          "recall": 0.8888888888888888,
          "f1-score": 0.9142857142857143,
          "support": 18.0
        },
        "accuracy": 0.78,
        "macro avg": {
          "precision": 0.8927015250544663,
          "recall": 0.8115079365079365,
          "f1-score": 0.8033321941216678,
          "support": 50.0
        },
        "weighted avg": {
          "precision": 0.8528976034858389,
          "recall": 0.78,
          "f1-score": 0.7592385509227614,
          "support": 50.0
        }
      },
      {
        "Data Analyst": {
          "precision": 1.0,
          "recall": 1.0,
          "f1-score": 1.0,
          "support": 1.0
        },
        "Non-IT": {
          "precision": 0.6538461538461539,
          "recall": 1.0,
          "f1-score": 0.7906976744186046,
          "support": 17.0
        },
        "Programmer": {
          "precision": 1.0,
          "recall": 0.42857142857142855,
          "f1-score": 0.6,
          "support": 14.0
        },
        "Wirausaha Informatika": {
          "precision": 0.7647058823529411,
          "recall": 0.7222222222222222,
          "f1-score": 0.7428571428571429,
          "support": 18.0
        },
        "accuracy": 0.74,
        "macro avg": {
          "precision": 0.8546380090497737,
          "recall": 0.7876984126984127,
          "f1-score": 0.7833887043189369,
          "support": 50.0
        },
        "weighted avg": {
          "precision": 0.797601809954751,
          "recall": 0.74,
          "f1-score": 0.724265780730897,
          "support": 50.0
        }
      },
      {
        "Data Analyst": {
          "precision": 0.07692307692307693,
          "recall": 0.5,
          "f1-score": 0.13333333333333333,
          "support": 2.0
        },
        "Non-IT": {
          "precision": 0.6923076923076923,
          "recall": 1.0,
          "f1-score": 0.8181818181818182,
          "support": 18.0
        },
        "Programmer": {
          "precision": 1.0,
          "recall": 0.23076923076923078,
          "f1-score": 0.375,
          "support": 13.0
        },
        "Wirausaha Informatika": {
          "precision": 0.75,
          "recall": 0.35294117647058826,
          "f1-score": 0.48,
          "support": 17.0
        },
        "accuracy": 0.56,
        "macro avg": {
          "precision": 0.6298076923076923,
          "recall": 0.5209276018099548,
          "f1-score": 0.4516287878787879,
          "support": 50.0
        },
        "weighted avg": {
          "precision": 0.7673076923076922,
          "recall": 0.56,
          "f1-score": 0.5605787878787879,
          "support": 50.0
        }
      }
    ]
  },
  "threshold_config": 0.5,
  "hold_out_test": {
    "Data Analyst": {
      "precision": 0.0,
      "recall": 0.0,
      "f1-score": 0.0,
      "support": 2.0
    },
    "Non-IT": {
      "precision": 0.7777777777777778,
      "recall": 0.9722222222222222,
      "f1-score": 0.8641975308641975,
      "support": 36.0
    },
    "Programmer": {
      "precision": 0.95,
      "recall": 0.6333333333333333,
      "f1-score": 0.76,
      "support": 30.0
    },
    "Wirausaha Informatika": {
      "precision": 0.8571428571428571,
      "recall": 0.9230769230769231,
      "f1-score": 0.8888888888888888,
      "support": 39.0
    },
    "accuracy": 0.8411214953271028,
    "macro avg": {
      "precision": 0.6462301587301588,
      "recall": 0.6321581196581196,
      "f1-score": 0.6282716049382716,
      "support": 107.0
    },
    "weighted avg": {
      "precision": 0.8404539385847796,
      "recall": 0.8411214953271028,
      "f1-score": 0.8278296988577363,
      "support": 107.0
    }
  }
}