{
  "methodology": "Internal MIF only",
  "k_fold": {
    "accuracy_mean": 0.7902040816326531,
    "accuracy_std": 0.046079445366646855,
    "folds": [
      {
        "Data Analyst": {
          "precision": 0.0,
          "recall": 0.0,
          "f1-score": 0.0,
          "support": 1.0
        },
        "Non-IT": {
          "precision": 0.7619047619047619,
          "recall": 1.0,
          "f1-score": 0.8648648648648649,
          "support": 16.0
        },
        "Programmer": {
          "precision": 1.0,
          "recall": 0.5714285714285714,
          "f1-score": 0.7272727272727273,
          "support": 14.0
        },
        "Wirausaha Informatika": {
          "precision": 0.8571428571428571,
          "recall": 0.9473684210526315,
          "f1-score": 0.9,
          "support": 19.0
        },
        "accuracy": 0.84,
        "macro avg": {
          "precision": 0.6547619047619048,
          "recall": 0.6296992481203008,
          "f1-score": 0.6230343980343981,
          "support": 50.0
        },
        "weighted avg": {
          "precision": 0.8495238095238095,
          "recall": 0.84,
          "f1-score": 0.8223931203931204,
          "support": 50.0
        }
      },
      {
        "Data Analyst": {
          "precision": 0.0,
          "recall": 0.0,
          "f1-score": 0.0,
          "support": 1.0
        },
        "Non-IT": {
          "precision": 0.8,
          "recall": 1.0,
          "f1-score": 0.8888888888888888,
          "support": 16.0
        },
        "Programmer": {
          "precision": 1.0,
          "recall": 0.42857142857142855,
          "f1-score": 0.6,
          "support": 14.0
        },
        "Wirausaha Informatika": {
          "precision": 0.7083333333333334,
          "recall": 0.8947368421052632,
          "f1-score": 0.7906976744186046,
          "support": 19.0
        },
        "accuracy": 0.78,
        "macro avg": {
          "precision": 0.6270833333333333,
          "recall": 0.5808270676691729,
          "f1-score": 0.5698966408268734,
          "support": 50.0
        },
        "weighted avg": {
          "precision": 0.8051666666666667,
          "recall": 0.78,
          "f1-score": 0.7529095607235142,
          "support": 50.0
        }
      },
      {
        "Data Analyst": {
          "precision": 0.0,
          "recall": 0.0,
          "f1-score": 0.0,
          "support": 2.0
        },
        "Non-IT": {
          "precision": 0.7142857142857143,
          "recall": 1.0,
          "f1-score": 0.8333333333333334,
          "support": 15.0
        },
        "Programmer": {
          "precision": 1.0,
          "recall": 0.35714285714285715,
          "f1-score": 0.5263157894736842,
          "support": 14.0
        },
        "Wirausaha Informatika": {
          "precision": 0.7916666666666666,
          "recall": 1.0,
          "f1-score": 0.8837209302325582,
          "support": 19.0
        },
        "accuracy": 0.78,
        "macro avg": {
          "precision": 0.6264880952380952,
          "recall": 0.5892857142857143,
          "f1-score": 0.560842513259894,
          "support": 50.0
        },
        "weighted avg": {
          "precision": 0.7951190476190476,
          "recall": 0.78,
          "f1-score": 0.7331823745410037,
          "support": 50.0
        }
      },
      {
        "Data Analyst": {
          "precision": 0.0,
          "recall": 0.0,
          "f1-score": 0.0,
          "support": 1.0
        },
        "Non-IT": {
          "precision": 0.7272727272727273,
          "recall": 1.0,
          "f1-score": 0.8421052631578947,
          "support": 16.0
        },
        "Programmer": {
          "precision": 1.0,
          "recall": 0.5,
          "f1-score": 0.6666666666666666,
          "support": 14.0
        },
        "Wirausaha Informatika": {
          "precision": 0.9,
          "recall": 1.0,
          "f1-score": 0.9473684210526315,
          "support": 18.0
        },
        "accuracy": 0.8367346938775511,
        "macro avg": {
          "precision": 0.6568181818181819,
          "recall": 0.625,
          "f1-score": 0.6140350877192982,
          "support": 49.0
        },
        "weighted avg": {
          "precision": 0.8538033395176252,
          "recall": 0.8367346938775511,
          "f1-score": 0.8134622269960615,
          "support": 49.0
        }
      },
      {
        "Data Analyst": {
          "precision": 0.0,
          "recall": 0.0,
          "f1-score": 0.0,
          "support": 1.0
        },
        "Non-IT": {
          "precision": 0.8,
          "recall": 1.0,
          "f1-score": 0.8888888888888888,
          "support": 16.0
        },
        "Programmer": {
          "precision": 1.0,
          "recall": 0.21428571428571427,
          "f1-score": 0.35294117647058826,
          "support": 14.0
        },
        "Wirausaha Informatika": {
          "precision": 0.6153846153846154,
          "recall": 0.8888888888888888,
          "f1-score": 0.7272727272727273,
          "support": 18.0
        },
        "accuracy": 0.7142857142857143,
        "macro avg": {
          "precision": 0.6038461538461539,
          "recall": 0.5257936507936507,
          "f1-score": 0.4922756981580511,
          "support": 49.0
        },
        "weighted avg": {
          "precision": 0.7729984301412873,
          "recall": 0.7142857142857143,
          "f1-score": 0.6582511792595825,
          "support": 49.0
        }
      }
    ]
  },
  "threshold_config": 0.5,
  "hold_out_test": {
    "Data Analyst": {
      "precision": 0.0,
      "recall": 0.0,
      "f1-score": 0.0,
      "support": 2.0
    },
    "Non-IT": {
      "precision": 0.7083333333333334,
      "recall": 1.0,
      "f1-score": 0.8292682926829268,
      "support": 34.0
    },
    "Programmer": {
      "precision": 0.9444444444444444,
      "recall": 0.5483870967741935,
      "f1-score": 0.6938775510204082,
      "support": 31.0
    },
    "Wirausaha Informatika": {
      "precision": 0.8333333333333334,
      "recall": 0.8536585365853658,
      "f1-score": 0.8433734939759037,
      "support": 41.0
    },
    "accuracy": 0.7962962962962963,
    "macro avg": {
      "precision": 0.6215277777777778,
      "recall": 0.6005114083398898,
      "f1-score": 0.5916298344198097,
      "support": 108.0
    },
    "weighted avg": {
      "precision": 0.8104423868312758,
      "recall": 0.7962962962962963,
      "f1-score": 0.7804040674617057,
      "support": 108.0
    }
  }
}